0.10948181247730975,0.10893501607352409
1.9289440526483128,0.22167837876607746
1.1235237146832913,-0.48204269953921053
0.7673151770793031,-0.50118554953166
0.9721781530809206,-0.5390054837915877
1.1736688249168294,-0.5457471039537373
-0.9190380755221558,0.4658499241840094
0.5414719061887898,0.8582001195063212
-0.8243034254831899,0.5286394105187305
-0.6571701432849346,0.8277706284573495
0.0284701533552556,1.0010646870691498
-0.8562571167952916,0.6156377808915761
0.8532682316989956,-0.41388377211752214
1.1179360679602333,-0.5422997680799662
-0.6432733171807016,0.8056342831131171
0.439358619195524,0.9056627487611207
0.654925481832375,-0.4780355851221211
-0.3738467860475664,0.8740647358305713
1.8769935850201365,-0.05544730240494178
1.8753106345633228,-0.04916151504959087
2.110109545591221,0.5290129963815051
0.3904130041102757,-0.2433869278287103
1.5035217802373093,-0.363746227068614
-0.08395624298743518,1.047188388648938
0.9374158252330334,0.13554436196171538
0.7239218950922593,0.7028262064005728
-0.7666509080992375,0.5956779631828186
0.6655703500843566,-0.42926941571523414
1.7258253250339088,-0.12227890822352877
-0.6697834758650498,0.7809891624227392
-0.12539865776465825,0.9660864969237088
-0.8414988439926342,0.6653380451343412
0.7231853830630027,0.7303121780371236
-0.18952380636513233,0.9297713756545652
-0.5755945107697913,0.822225574318873
1.9356392033922767,0.08983398214948571
-0.6160794886987517,0.8163038395895349
0.8501992799278849,-0.46342768907876714
1.6411081094520212,-0.21887490150091815
-0.9027796494751995,0.6232124608406597
0.17869056190653523,1.0892026111157251
0.455884105639887,-0.3664058782237312
-0.24538941260230426,1.0050380111429127
0.5532703708211131,-0.49873249625827804
0.6987309913307553,0.6748752212165384
-0.882553787792935,0.6235893409556664
0.8392885715644358,0.5727677064702964
0.004304704569812537,0.19594274299875186
0.031202920444727403,0.3593376288767601
1.9978361540238379,0.12505515899184966
-0.38329947420934307,0.912615170043547
1.3214813216473016,-0.3864308362200576
1.8958867682532243,0.04254772387430139
-0.8690938490696887,0.5233630638257506
0.3042562514926839,-0.2377227579694898
0.9703598498813459,0.25602473323876507
-0.519902689508682,0.8165987654544663
1.8731432761702551,-0.0891157394890664
0.2213237640030261,-0.21155465387786884
0.8212444096962805,0.44367768114975725
-0.9992613708690976,0.10073253276315552
0.3780232361195882,0.9628044425484139
1.6153849968194665,-0.35176559255494566
0.928391710463459,0.5615873997478934
0.9559145090938518,0.4198277775603738
0.9755277005142625,-0.5257545459265278
-0.24740805834084234,0.9743228266573316
1.9261954493623101,0.17015300015763885
0.8169712160884479,0.6177865438670292
0.09899002286554745,0.06908068159620698
0.9707590825442618,-0.5088340038247554
0.8530876759336388,0.5558753620702316
0.6958355736199157,0.5806661103485368
0.9494777247335516,0.26255476406175354
1.8111953593468963,-0.11322848780333353
0.5770521951393683,0.7223524213457182
0.03607939458077967,0.3724912220017813
1.948454378764307,-0.010252805529010034
0.07655818200801062,0.3010872169848546
1.0364860749820326,0.15129707992141772
0.7106849088282482,-0.47063980757390333
0.055487369420498034,0.3170474223863235
0.9631684114097987,-0.5029879606238434
0.5601498932251001,0.8402409893870312
0.23832863103918145,-0.11466385786497038
0.49262089699422607,-0.3617423978230875
0.7873222168057399,0.4684674809031597
1.8402200775028785,-0.023666581202939935
0.5166254599207454,0.8528972404761533
0.40908692450824796,0.9410457196805863
0.35389686067484405,-0.1412172350765396
0.673617187204824,0.6848290449189057
-0.7085885403294213,0.6567741387335884
0.4960822024076902,-0.39997908901523516
1.116000955017803,-0.5645253569474729
-1.05079296033547,0.05499884121101934
0.007428007930212775,1.0637894179461993
0.41211763238385724,0.8732250850308836
0.9646236581991826,-0.4879036137199903
-0.15051825972673777,0.9618030622088296
0.14193044798377003,-0.04666907200391371
1.5799197913712109,-0.3180758399707426
0.4838157649211348,-0.3205835935755894
1.0993966255365613,0.11919210736547994
-0.9353357808378261,0.5242017710180517
1.6374495517267076,-0.24459424142915448
1.0934731596095228,-0.521927380971382
-0.29921109344309216,1.0367542470622884
-0.18184334355161486,0.9931448936799167
1.632446812569899,-0.16505185578579024
-0.7368503194743488,0.6197648829803729
1.4350167425471434,-0.4574837823855554
0.13583690904687984,0.07328338141322427
0.059205593350920876,0.3792966424607491
-0.8532206406026996,0.6498690628192164
0.21735083539574487,-0.16887332965709603
-0.7688324157556776,0.6130145521652098
-0.9428014852986918,0.1753423250427912
-0.8294350265204743,0.6295015029808226
-0.9603827120498175,0.34551186487697966
1.4706486706168185,-0.34705297594099666
0.5037007579552384,0.7919185633624236
2.004622241778015,0.3191949107370985
-0.09937519934420164,0.3651008240556338
0.057118576763969676,0.9252004668143734
1.2400174728869635,-0.44295372459964505
2.110593726392933,0.3245548573333987
0.8461529982836735,-0.5640681273423864
1.525144142066325,-0.405641718131959
0.6664444849406455,0.6733996020981327
0.11151986771113578,0.22694223962127383
0.2355434484941077,0.93789502926785
0.4588978476869334,0.8524643032804702
-0.4011007785034582,1.0122892088780648
-0.527930094436413,0.8164410993157226
0.7194625292426692,0.7258765554346823
1.2668712089816527,-0.47234053451749164
-0.9602601750739659,0.07776430199283164
-0.9011163906717689,0.21266534176173585
-0.2527817574459037,0.962520512493566
1.3888587307016624,-0.4427477064170445
0.6348628601853498,0.8339638008083102
-0.5766299675854841,0.7535015422507676
0.5719400058675124,-0.42193981846793105
0.5288390150224773,0.886118306365195
-1.0618309977501639,0.21756893248679604
-0.057786903163015844,1.046176555459332
1.3358776416068754,-0.4804062002986548
0.05881331342800319,0.42486377975276435
1.9598844817631438,0.3208957304738722
1.611997625199801,-0.33789168210253717
1.798273592325939,-0.18233363741239692
1.0467688045348387,0.06614955680831998
-0.32751547075991844,0.8855108833909815
1.9949959873000689,0.32352502824182444
-0.7739086591100393,0.710397836652577
0.36251421081136503,-0.2235561904081114
0.8565571992261751,0.5717030617186052
-1.0206028116408914,0.21201457847979568
1.8207839100143612,-0.1471997010674722
0.289819289739527,-0.28247126513096693
1.0421746288622462,-0.5006832886544237
0.4769457084476819,-0.3692359548818186
1.8603766230813452,-0.014151124123607244
-0.635684872117183,0.8394102275829559
0.06898355107502041,1.046525149879657
-0.8370324323949395,0.6493832933749496
-0.9763488344872504,0.3405073054598451
0.7798358603204703,-0.43026415614556324
-0.36693920486922116,0.9842638484578099
0.06299275676294963,0.14608282500529085
0.3707043110068766,-0.31868930981218435
-0.820413162821732,0.5436055791522758
1.6461168542830429,-0.23713050826324647
1.0232688265552101,0.34623883677737693
0.5130557078995447,0.8552301404130395
-0.9339032808325308,0.30298599609837124
0.33193706275167234,0.9286293224908058
1.7033648032658282,-0.2563162826391888
-0.6020534067475516,0.8334451715588477
1.65173960171277,-0.3858930102073699
0.8739518952034325,-0.47138230908176637
1.9971951264784131,0.5009537982285426
0.005080505202355047,0.45725664048917497
0.6655743008606244,0.812305278438856
0.12444214426977976,-0.12812597689073013
2.013453412202728,0.41085034861403313
1.944315955940888,0.08260733987634519
0.424078129372687,0.8814737148922667
0.5755063507289464,0.7473113123739998
1.9493595222757871,0.3914647674879038
0.8060966495230365,0.584816312727312
1.2629406732056816,-0.44155213279061095
1.1184922694100354,0.15917824859536106
0.23134255228019726,-0.11901167544890955
-0.8033757581503995,0.5461139885315968
0.8995943607656739,0.37425254474749325
0.19638788438321472,-0.04656045921593161
0.7742018025174097,0.7409371734720207
0.8477189322175928,-0.5174697179419137
-0.9151950729193831,0.1338849789602295
0.414892001895368,-0.3946055592951631
1.8330763407175805,0.019908372870878224
-0.20617379941001399,0.9698308650634492
0.03089695839289134,1.040004684862303
-0.08368549545163828,0.9399874294298022
-0.2264382446335687,1.0329804363498776
0.23756841351905128,-0.048260261425881516
2.0098684108340077,0.42642552038923764
1.1145257370244672,-0.5894014642305742
0.24068740150594492,0.9644399581982827
0.027649674091905104,0.35172818359588537
-0.13389444005613452,0.9360004615065429
1.9931107836684256,0.43667856833443675
-0.8003341910145532,0.7531538001252851
-0.20452605077311636,1.0007821340447454
0.9393087014062931,0.07997683501623548
2.0678669489345434,0.15549758080491746
0.44045549708738774,-0.24885929258955453
-0.2590928996495378,0.9693860511845309
0.33044721203769256,1.018712815081987
0.012531558634983958,0.344251307387736
0.934569434253707,0.29637962435496984
-0.48479220695259295,0.8439844440958386
0.987634043820238,0.1045270723448834
0.8301384622116671,0.5986697682672549
0.8735249870060184,0.46802484745682293
-0.35954291636893054,0.9769036151975173
0.04444479565016241,0.07140660907437607
-0.49204448046877797,0.9259412414033324
0.9595230046537278,0.03572824467165075
1.0064525134986655,0.3901513972767505
0.6963135833013103,-0.42545230524301736
0.9362315253734215,0.4050426451323797
0.8250094856190402,0.4251561504052172
1.2160803195760643,-0.49463277293248975
0.12561942095970283,0.17330666005076031
-0.9431496696980827,0.13847642723552067
-0.6618888908625125,0.5942602796520329
-0.9411317247418376,0.4258775793856686
-0.9609127325880212,0.5207940095738278
-0.5263271036737774,0.8675017190293398
0.0979759255915145,0.16200434877150405
0.41714599666598834,-0.2890292371954786
0.1864772739466374,0.20491996872413304
0.6728019201330682,0.7486544912477131
-0.6204327043078283,0.7988089773614709
0.9471172775049803,0.07361866944628488
-0.8999970190114112,0.08814809565862805
0.9777106049375501,0.3546065393947155
0.5948473829995811,-0.4592629978292071
2.0203724005099204,0.08834783737385046
-0.656197699186802,0.6709791279665359
0.6371925253166864,-0.3690067343637495
0.6204509050530287,0.7381199735206827
1.0831849441825576,-0.4238582297492631
0.9168603043418518,0.18945109269859858
1.0741219917312332,-0.4597356734785678
0.05265920369734271,0.9783766215181661
0.9168329678544686,0.2810224155975695
1.6910955954351417,-0.2996365524848996
0.8571064626483565,0.3114527696273381
1.9768884472084758,0.08061580376082322
0.23143032357597815,0.9299891100350759
2.0365304889911124,0.3990567977655496
-0.8793689511614429,0.2974229292456967
0.6843872190446052,0.7493905159893105
0.8634876364381263,0.4709102732412255
1.9975288066452763,0.2449302645725556
0.9818551142443288,0.24403396877106343
1.2896375352250273,-0.4988286465534438
0.4516403240499139,0.8366131778168511
0.7414353336703885,0.5171188506511393
1.818697854808341,-0.22473242598785648
0.7243733856875426,0.7056530023729446
0.7654746844711223,-0.5521713244624485
0.12447793423321002,0.07551015319567869
-0.9339396230411444,0.361460441564377
0.01700404918199426,0.9707054790888
0.5853257112099091,0.7710013860779771
0.8441707681487909,0.5382336488565692
0.45326681160169585,-0.20631374119705764
0.37017260557979764,-0.18266571739427748
-0.9414716050697546,0.22930111472301618
-0.43108721983779785,0.9522082105185349
-0.9596604349491249,0.5083720251170677
-0.39357061620677997,0.9294976624962613
0.34932014799513045,0.9586737235901801
0.7287681449977135,0.6670044901848536
1.0199647694861271,0.04502298210186616
0.9748352699580053,0.16373516564839102
1.7297239701003002,-0.08809993714744827
0.18493048461487288,0.9732527140842386
1.9224541298828206,0.2951485783058411
0.06111394691059502,-0.06766933125178473
0.40064267007666277,0.8967598705537735
1.9673616781359435,0.2052441126890707
0.5761303169769662,0.8420546369167741
0.8475758573303103,0.36926328355509896
0.5505088180598257,-0.4749407843877738
0.768949109737953,-0.4359742276066275
1.3024765752861867,-0.41560950055918805
1.4994284347680535,-0.39198556954196384
0.09602595379711111,1.0296176538963648
-0.09783710548039065,0.18262226708194035
0.8059588080580762,0.622216315221764
0.6153885239533865,0.7523392139115825
-0.031821261317836226,1.0207474608391853
-0.6400928600564989,0.6994006530229329
0.6453872868099673,0.8975541378754532
1.9280903067704056,0.14617898137946145
0.6623653566032734,-0.4436421370937076
-0.8270173994860073,0.3699140339973079
0.8586220300220229,-0.545082603380405
0.23469800707307162,1.041064334875829
-1.0231658422008854,-0.03538328193758987
0.07936256944698622,-0.06640350814131173
-0.6381264570663265,0.725345751117353
1.7520376515697713,-0.2530409212999977
-0.9383442164569723,0.4134152015548119
2.0712666735888203,0.5535425074423836
0.07339841365116559,0.0034732918249219744
1.0462717757795175,-0.4439818527617562
0.9769265722805957,0.09174331544355924
0.08767061634440607,0.9517569028316685
1.154025503144119,-0.48147406806865956
1.650736869997447,-0.1643034552224745
0.25507089835401786,1.015950431993902
-0.025062483258726943,0.5165427482338262
0.06959108971872792,0.22140733003105786
0.8857083563831294,-0.5075862081138119
0.403039472795046,-0.33079971183443474
0.6428186337926183,-0.47068242785970116
0.33867836744229346,0.9485947179560109
2.038483331971876,0.443101112251131
0.8928284040833749,0.16863253765874378
0.4272185118048023,-0.38487606778971173
0.7044589995681241,0.7218619606192248
0.6759233850250623,-0.4437940977910395
0.09452507289846124,0.13456990377984862
0.003305227815388001,1.0165529118567984
0.019308717765311803,0.18150104239960463
-0.5764704658019042,0.8448838824223578
0.9506422632420788,0.4945184458707184
0.6875976373613795,0.7590926844191848
1.9186276539270828,-0.08690093982226228
0.5586558429754042,0.8615687375932893
0.42028585246013933,-0.3430011665363278
1.5336631137019063,-0.24857735279632776
1.4950666036770088,-0.3495085096113067
1.532602295663197,-0.3361304331621121
0.09262304932840552,1.0682181494638379
0.2800813858425749,-0.1282235298315852
1.5095955949396096,-0.3058566650754795
-0.1348638271976189,0.9713272671183172
1.9711463684693025,0.30827917026668644
-0.705118927080724,0.6868282315195305
0.9187894381079538,0.3824941078185974
2.028043861225015,0.3932358979429048
1.9874579047216567,0.4671040566610456
-0.8430838146410843,0.5089523665033329
-0.04485261193287759,0.37131253326007324
-0.9117266593757335,0.2267285767722146
-0.3569640384691425,0.8683889110716275
0.41045759197436593,0.9106796389164964
1.8475260870698378,0.1374861352873336
0.2355649920714011,-0.1096926643923867
0.7129554685910501,0.7039416073235262
-0.510365852453561,0.9296947912157925
-0.2948108449155878,0.873810412382002
0.7682135806702775,0.6831312176174288
1.584123152945701,-0.18033029378746854
0.2835562473871154,-0.11641342843983633
0.3326638037221263,-0.12495642635748967
-0.021448428379375693,1.0013144166663892
1.9552930371993953,0.06829480979685777
-0.5797633353228363,0.7612446235081692
-0.5141165292665981,0.9286796412175637
0.09625439791192322,0.15806645964162394
0.42380945086100186,0.9516108699937491
0.97022871040804,0.1046339786395819
0.47460184767336033,-0.3367653167949945
-0.545589000441492,0.8391437799578604
0.8120945099330983,0.6484359888505867
-0.7589172229921639,0.6994329594776749
2.010231719632574,0.19538085784323617
0.10516173159064679,0.9692019630217534
0.05142496619092833,-0.08294032485775765
0.37254342376494376,0.944209560449758
0.7745653950091864,-0.38039366397754315
0.11981379832014485,0.06346763729770624
1.6631875099380207,-0.18765631009614842
0.05237194147280155,0.3558724522119489
1.3609370497976387,-0.4534202986781079
0.040345469575670104,0.3458816075577421
-0.02378430438961109,1.031484372798669
-0.7636215892608733,0.6204372435545003
-0.4547435312829281,0.7830415973452344
-0.15904567544385223,0.9302050217248831
0.8954919114620212,-0.07157947654219737
-0.9755336108531852,0.29715399652768837
0.8115961206594278,0.603781523481265
-0.8429199418293181,0.2011467853357526
0.4457421162060234,0.88014223331883
1.8362921579582572,0.27418365928334876
0.04523697616639863,0.26790093422313155
-0.6699020114239512,0.8212741632449526
0.6033970377680876,0.7234455066215476
0.6278493351565263,-0.4247236726067776
0.011536695620621918,0.294286198716471
0.8783542703167442,0.47012070392928496
0.9439238316343456,0.44307076478398344
0.3465460636564392,-0.2533116495553799
0.228429688971447,0.9355908692570392
0.7821266255182386,-0.5010960727895366
0.5469833774939946,0.8293404409681867
0.618252539518143,0.7709829871394674
-0.01641023350207787,0.4314606226896502
-1.0331623295154595,0.03351663151046338
-0.8060582810879229,0.6236912287201068
-0.943028177287116,0.4692085207184145
-0.9523508172563152,0.2533091133791933
1.8640915405850906,-0.10217321365139335
0.05886418769258011,0.32474352041516674
0.9701550654651904,0.02489045525902136
-0.8912842622592991,0.22970635353530888
-0.9758707176548361,0.17903844577927114
1.950447434819648,0.19151455588884353
1.0051919363347737,-0.46011977310861074
-0.9831228146758668,0.35885536613855074
0.2597583342340395,-0.1490296977294111
1.478043240797857,-0.40187545007526065
-1.0134548990542531,0.10446270100665597
1.0110036982018826,0.31313937521000734
-0.28576512771574825,1.0337948163748334
0.032394219164049255,0.991781743808766
2.065422735440675,0.4287419690111952
0.37229809364336625,-0.21325702423018794
2.0256126154846705,0.16867035783305478
1.3414432403066057,-0.405263263436064
1.6297006420121665,-0.2922984087031836
1.2342724827437177,-0.39323886429535815
-0.06427414630770038,1.036482279324741
-0.005273835366810354,0.9177027158764963
0.7648837972969001,-0.5700875730135673
-0.9080616762545368,0.4789933985212219
-0.8703504482838375,0.4371731240453706
1.9404279686773094,0.18720727136599688
-0.9547282924529111,0.10760448808984838
-0.9141176475173789,0.04198331340403791
1.9410442010075526,0.07461984736230748
-0.12480410601598657,0.974660764090252
0.918117435382085,0.21067926727685402
2.0884815484006296,0.43385566358659267
0.019058503143707474,0.32136710718705713
0.08770479712877946,-0.0344869812909918
0.367875186308573,-0.24243093454905087
0.8722609957282791,0.602928618680734
2.01453283665504,0.3603259365355337
1.979665138776408,0.42638105401715787
1.5157064313287532,-0.27513043769350837
-0.9326794454073802,0.14219061495858598
0.6214792642027716,-0.46586782674780425
1.1627378873175098,-0.41048586725532255
1.3390236411460972,-0.3915766113302953
1.7270849086044031,-0.23631887010375774
0.57976324789119,-0.43285368446608535
0.7167979815240554,0.796056139470711
0.8668963886257971,-0.4578651733148744
0.046831868029788434,0.17079646285927147
0.1878984611522257,-0.11770402840630069
0.8588189231671559,-0.5522560972644277
0.1458625756458115,0.053076626054543864
0.6728186218936894,0.6748341651685403
-0.25328001879091816,0.9703364507688801
0.08832606103950368,0.21816892039300753
0.04377861452734262,0.16721737021753197
-0.5584895831814646,0.7803516023067267
-0.9490241785088201,0.2819062588134962
0.6399133921784927,0.8008046019186177
1.0564132364150922,-0.08691228581858387
0.9969669426950324,-0.45009291835617565
1.564920301750543,-0.2842201925410379
0.7558697969854478,-0.40699092112420626
1.8295797802258926,-0.17457029682458014
0.424301346196721,0.9653873784168049
-0.5847324108564181,0.8549063114017373
-0.10238586928612592,0.9967635058590795
0.22564876901933384,-0.11421415808879361
-0.9273815478236604,0.4328638381842795
1.4376024128661922,-0.5147810713035362
1.4880278213869405,-0.3281347029062225
0.1172652460595418,0.03553905199283283
-0.6974622457671313,0.7241812691340324
-0.9844314537100741,-0.02094481115279515
0.6616039885831897,0.7531823569999525
0.46118334632763697,-0.38663260538149863
-0.11348056688747289,0.9890984113887644
0.15966417991082982,0.9562588145939053
0.24904539248964427,-0.09622462173573308
-0.03104485638559508,0.12126337529567854
1.877861613589459,0.1351253031365695
0.1705552843589165,-0.08887704789017523
-0.02179216514224637,0.9889659037428659
1.285475918224705,-0.4691395926128246
1.3470002567160548,-0.45411383548170214
-0.668779563609109,0.721066882554106
0.039701924636047534,0.9243087210761614
0.4735162573471799,-0.3480481812098821
-0.5947845959781408,0.827887969891536
-0.06298975618741122,0.4307336342061802
0.17964811503905947,-0.07247120236349416
0.9203292036969852,0.20779667867362764
0.9637298116230868,-0.46843215867179594
0.07689206261145187,0.33595236156217556
-0.8381124600145428,0.5029756966774616
-0.266405930784601,0.8657024364411068
0.046835851597756537,0.22749352133772216
0.9609863076105879,0.21351726576932573
-0.9731783562439671,0.3475470681036986
-0.09562603841675833,0.960067187667832
-1.0320271338961478,-0.012281492680822743
0.9117278711153981,-0.5623152720076697
0.9626705527039248,0.16424365263719265
-0.9914249666712357,0.27115185119508145
0.36281382160577763,0.8949716821514049
0.9716844872676783,0.4142274003301206
0.7060922370161095,-0.47631037070851906
1.3092037117268567,-0.5535182619755317
1.8647135288845351,-0.009629907051696626
1.6807065960562064,-0.2233171598356867
1.9556316247302625,0.3729525493460631
0.5342085630391427,-0.38917978405573517
1.0374433464501114,0.2613894062604226
0.38856473147130305,-0.19075906395398717
-0.0387302614419399,0.3268985464679627
-0.3518630902416795,0.9951479076767106
-1.0227963080768983,0.27781090032284766
0.19004723027204215,-0.01889893680714842
1.9790439995028055,0.24589432545482665
2.0471482673949213,0.42160695097433154
0.4714097864940513,-0.3405498869999513
1.7612680359821211,-0.06654648528900109
0.09842156046644492,0.026382192651211528
1.0051968551212356,-0.48603572519980487
0.9474199385914822,-0.4516144104170866
-0.03806713634430302,0.9723987707602171
1.1845679089078338,-0.4860988780854629
1.2710581278360322,-0.4309693722155776
0.7380252756094161,0.6774954489775911
1.2265721955084812,-0.4928450704079353
0.833878076288957,0.5378598432584383
0.12571329849178942,1.0032124593820089
1.36391788207031,-0.35788480243088033
1.311655184810882,-0.4654910400943339
1.024604410361811,0.28361095300832045
-1.077593777808749,0.08682897072405972
1.830663400338955,-0.023880243084130295
1.9331643034841373,0.37755842123896133
0.21672141780978924,-0.007488101914501111
-0.928084128416583,0.4835129130883816
-0.47647961788659127,0.8672286331030133
-0.4258395264646984,0.8729968846310249
0.8614114483192976,-0.46642113745357455
0.48902764029212786,-0.4063072869457147
-0.5638679975536313,0.846639406275365
0.19061558464201916,0.010800563746715904
0.8061509329591019,-0.5026160255274024
0.38673935755572597,0.8602448357171728
-0.900401025178312,0.36172525456342347
-0.02373200104983552,0.3689956894125378
-0.8333699349929504,0.5701692001768875
-0.014729615342871968,0.27329375725869176
-0.2325576397427256,0.9654727088142783
0.22180451027734527,-0.06722778778959185
0.7378436257572456,0.6571020220056729
1.4467103838288964,-0.3781589266947374
-0.5314180865949969,0.86755877033571
-0.11459308391021257,1.0109726487058628
0.9367825390031461,0.2107305229143279
1.7701918686424065,-0.06194125252759365
-0.9123025746460558,0.4769406949173086
1.8459159847803308,-0.03678663038396487
0.25574330735481243,0.8890614389216347
0.036049663217218406,0.10358655810385711
0.4750796384487572,-0.4031880585044387
1.4864569416012066,-0.45696758618884814
0.8016506267492051,0.6283300016700779
1.6123779678595207,-0.38182492867374657
0.10028592048402525,0.023964630756420344
1.955886445361854,0.20892311618297577
1.872347429064235,-0.1282567502735882
1.287648209766534,-0.5052389907258221
0.9116220428643631,-0.45739164519433867
0.8138175933354244,0.6092159570499373
0.2884485920462169,1.0108205850943601
0.36661049380962085,-0.25184491755253474
1.673728456692615,-0.2939968618158063
-0.8967426817587087,0.13657191118663084
0.4449773332557313,-0.2833695640094508
1.8557603993754148,-0.020057736844879416
0.8627559962730333,0.4198636117985461
0.4037633276401381,-0.26654888445764624
0.9814508631147084,0.0713839190740151
0.0968746362396654,-0.08160667629415519
-0.28811823676289894,0.8845412861173273
1.0254621576273735,0.27776021817546187
0.880368356785327,0.49342078322777355
1.1734368032647482,-0.48031794962302127
0.6639245666129401,-0.40755431292455435
1.7260659154720805,-0.0031163863949194986
0.737779764805218,0.5827160552777988
1.9639804176557134,0.18772488299741355
0.3004708542008127,-0.3387859066434832
-0.34496805859895646,0.8589940809309644
-0.21649162871488353,0.9617084377426899
0.8996785274588864,0.510136552007997
-1.1358728779694127,0.2858978110253154
-0.9502915301632832,0.41856936103848585
0.03446099651091664,0.23810672242576286
0.3426784471997715,-0.3171681916935573
0.018609503762365354,0.46135703985667365
0.5479718623489073,0.8594464052337003
0.5943941874462084,-0.3696454208102458
1.4840634184018762,-0.3464333984303539
1.9525309366209427,0.4170594018390611
-0.8547926124023624,0.6112631306138927
0.9311274916420478,-0.43973492991026497
-0.8250928707637033,0.5736101967357137
0.7094744902868733,0.6170042923338115
2.0406749781602356,0.3528456770370321
-0.7381782686497594,0.6218264153368075
-1.0154756040805697,0.022677604244530705
0.5079729090014506,-0.30166949572424423
1.9832573386502907,0.3422039613012395
1.9125051232156913,0.05293390814271996
1.901364162742384,0.10243609213556268
0.8576042752707779,-0.39593950552386237
-1.0671883132137578,0.2570617840064238
-0.28135701339509056,0.9719268205072176
0.7576253595104261,-0.47615944406797905
-0.7756869575514599,0.5707861315450948
0.6790162032396015,-0.41016524770414325
0.9751344109882941,0.30528664620191776
0.17909182624583664,1.0064678516627241
-0.9833826775375389,0.2800088913425488
1.643286126403814,-0.28569460319805845
-0.3985337925286421,0.967794843236086
-0.9010108351974448,0.3039976343566831
1.2946234729494126,-0.4779006961634037
-0.3625596295681266,0.8934932671744203
1.1336108184089015,-0.5232612183610866
1.297408099881607,-0.48896700364420864
-0.5545735717610734,0.8002046107967705
1.833087120865637,0.04925705820872442
0.343267480649885,-0.28198920084263573
1.5530388984610697,-0.3037261989411114
1.4743542359095463,-0.2824024326913669
0.7519931038999099,0.5945127854764212
0.6050017221607165,-0.3807245787177468
1.6256577174612548,-0.2545671644429399
0.793416679438614,-0.4819509234868378
-0.573552001777031,0.7327481313682416
1.3062008397493587,-0.3642292123919217
1.2291637783454972,-0.46517006869228544
-0.7447114941343868,0.6305620930093154
-0.8851176590874744,0.4846600753105139
2.070417125700885,0.08876664937485879
1.7891074854603108,-0.1031038616574305
1.7994082404483889,0.017290797407588345
-0.7699397035514837,0.5870068458364656
1.8312007257795755,-0.047379228429756226
0.19445338653595523,0.8481667664578669
0.25386049078494544,0.8687497173669518
-1.0255401020020334,0.13302146800655423
1.9773168342755028,0.26466928439065035
0.26525358389077036,-0.245536565839039
-0.9690142954077101,0.060433303787257295
0.388997466159556,-0.31854860609048485
1.8536992277043702,-0.04485227661607798
0.13295829226802577,1.0009898363405902
1.9041847255262032,0.18487624973811267
0.28049225266550804,-0.3437599636657321
1.6042336121293659,-0.22973772147553273
0.892448416178909,0.24615384987791958
1.2282306384842427,-0.4768858698591984
-0.5290939356863243,0.7566655913602135
-0.4589939146380649,0.8576878521010577
0.9710449189270832,0.1273347278728604
0.022624031434116426,0.46367047254521515
1.0080549385293933,0.40011595625273844
1.3018040352916052,-0.44974603648419287
-0.39284169094982296,0.9731232296407794
2.0063303934733923,0.1438446326067905
1.4843890930213146,-0.3388634209697316
-0.37763024986492044,0.870513996077944
0.06088837369317022,0.4473345035538088
0.33575460900703097,-0.20762798922544892
1.0266737220836863,-0.45791905337846317
-0.8961932190733011,0.5721224493025648
0.3377738561623887,-0.33544216851841263
0.04024593879427461,1.0219973694600284
-0.813720445206192,0.6794304711009951
0.8832827780679577,0.5214719904847814
1.9709993187141672,0.5255628463331157
0.37359521349708336,0.8828976615882422
0.5341147695449506,-0.299760419983492
-0.013033731196114132,0.16756827954178846
1.8761834165880944,0.055118496866164234
0.06989238234857229,0.05157033664070423
0.8047458166424206,-0.46489509756358016
1.3146383835450621,-0.4456941589752363
0.21736585819329945,-0.17183357364306528
-0.6325261325745496,0.8503510713435488
0.8498644360830372,-0.49970537931506875
1.3027451318609058,-0.48060456722646344
1.0212812311195012,-0.5328837603058371
1.9338039693820575,0.21006627307072723
0.6210672599212772,0.7660634757776762
0.757179586473097,0.7297592690824717
-0.9629197134796239,0.25114517215661003
-0.08369937360462157,1.0144916198891303
-0.6785002392710773,0.7672381334626565
-0.9233814299560519,0.38247791456094465
-0.9430590808072421,0.15139436395713818
1.9760039544614416,0.4797827146474409
1.9535313457801546,0.19475587721355075
0.89235496093629,0.49645141716530106
-0.9415510360613369,0.031595607083869125
-0.7349399714331804,0.5595516405371047
-1.107193347207347,0.14976110688193853
-0.25918329276895824,0.9807930686683834
-0.944091612146354,0.41608141461984754
-0.799724557447522,0.5742005471783759
0.6080335691904928,0.8321349448650587
0.6057478097928322,-0.39701028926058357
0.9455201316718889,0.31568402269210577
-0.036237973244171,0.519704928662135
0.7782936547286567,0.7542727797494808
0.3071265797926653,-0.23133869669197724
-0.6182940527995929,0.7876186177667284
1.713476970102873,-0.21828666644324812
1.9502536137941477,0.4089337120267444
0.698262741355067,0.6213189004105946
0.3914157304563902,0.8908367808527466
1.186685031439396,-0.4157708886012017
1.976417520166428,0.36812553930648373
1.0509561160399885,0.4054000177993377
0.38053805538098306,-0.30329202352960316
1.445947645865205,-0.38434740856432253
0.550798061690292,0.8649564042012106
1.3713582136039035,-0.39348181566802426
0.4377436050108145,-0.3151980312141382
0.8732847465188683,-0.43868035026731056
1.9512537123906288,-0.03411022504064726
0.5046997605351711,0.8433721818468164
0.5325857810166532,-0.40114845941401933
1.0507033733535056,0.23798504136268114
-0.6419726807981655,0.7456957573132106
-0.24346430299947167,0.9049155256295147
1.1540011791993998,-0.48466276053134927
-0.719173321329737,0.7242511342211233
1.038167845170354,0.08581925783731569
0.6268947856880621,-0.4267489070217863
0.20291980602965942,-0.246338652885517
0.20899868562657592,-0.055956499395596375
0.45856616303870085,0.9316034194154177
-1.0249944288121096,0.10648977999294883
0.9284567418375242,-0.4554680250379801
0.9510221432205441,0.24700861143759367
1.5733006420577147,-0.31916975370736533
1.0161797500293555,0.15354808927665226
1.0139954292130806,0.1635518634961382
0.7925074658204112,0.6178993488898755
0.21481952231771226,-0.1304798615965987
0.11657351168059571,0.07808875066965348
-0.8694128707009294,0.4923412890444076
-0.36400061903107483,0.8725037548885074
1.8663652400041866,0.0025222299797656306
1.4029814269907928,-0.43064538573721733
1.5745739807478794,-0.29301077275197907
0.08649515766832919,0.22365778808755127
-0.8638080341751829,0.40692491471634384
-0.03643305751100106,0.9815130707463179
1.0263623428781903,0.10654923466662986
0.6724933185932062,-0.3766533355783733
0.151183285127778,0.1523897748215005
0.04402266647143205,-0.039533976608411556
1.6613767666899582,-0.3042420305201752
0.9480550404072023,0.24496902405879262
0.8449474293899936,0.5273018860354597
1.693719095595833,-0.27411034110194077
-0.5507505125121956,0.8801949630909508
0.43786909383708456,-0.28637664463099066
0.33642373715606255,0.9783696637964356
0.18557819128919262,1.028342026070701
1.0009949830469282,0.5131079985472556
0.4235396482123957,0.9216133491886314
1.1023491725359933,0.3392630473686006
1.9433314120769456,0.09656219851678732
0.0768550536550768,0.9868119020178837
1.8023075510764566,-0.05461524560795288
1.3049980835137023,-0.46087084809263135
1.6013223363872364,-0.2432452182267133
-0.9507118503465822,0.40802714698856324
-0.2303584340677018,1.02569714390499
0.12885997630000798,1.0206272310102524
0.7575935880074919,0.7102089455890771
-0.717803437830535,0.6661539289728807
0.06724931618905636,-0.22513568515095198
1.5685482796572652,-0.2798095110216842
0.27909129440616565,-0.11846057191064724
-0.0100018114477766,0.12935891454406617
1.682939067217254,-0.3731731829990854
0.39194168531148443,-0.2886640280599376
0.43166092461173955,0.9481856470432645
0.3214079272995158,1.0080332701120043
1.721671740426115,-0.15870328163450945
-0.6931809553736661,0.7345501663305497
-1.0388056013029994,0.2552847590213591
-0.9779802584919448,0.1844433740109016
0.5126467341359983,0.9310389595465296
0.9727615181896005,0.16197148634819108
0.8257308347186213,0.40626181721570026
-0.9805482234303592,0.3352196600519807
0.3152544122571387,0.9489474290104707
1.886397841483009,0.2537068837222613
0.1797489687026806,0.9051971776791327
-0.08354739583489687,0.566549606883876
-0.4701444405956659,0.8632964083290431
0.9201093420434623,0.14468969373451615
0.9218526516413567,0.5496023680014877
0.6728570442673073,-0.47464276628108615
-0.9857821860563797,0.12117543193444641
1.7890334902009746,-0.15718891820245987
-0.05139609093546414,0.31622592871061006
0.42415860667867633,0.904281606869866
0.9735647517109957,-0.008164390902124945
0.8678623950016195,-0.4876710125190611
-0.36138757607677363,0.967083411587498
0.6568205442795764,-0.3369651486642789
-0.5277150859276843,0.8689356302201536
1.9477649382195947,0.4094516813011427
-0.5893688348364248,0.7987287365302889
1.69720654021996,-0.09864931400672278
2.028972701487119,0.25394173726102387
0.8385580396336243,0.5584938238286088
1.1771778007127234,-0.4948640957257015
0.970150435933188,-0.5141226346473283
1.0184303311657716,-0.43903543577848625
0.06602144054187889,1.0333450551593737
-0.9515804459692289,0.14172509517067922
0.2905253477957389,0.9307401137647446
1.7188292343618417,-0.23538251182477896
-0.6325943989078022,0.893128532936105
-1.0157314331064615,0.05866036608981534
1.199444697015155,-0.46229874090599044
-0.347239112669114,1.005590653121102
0.2933471836848903,-0.20564819344781052
0.05760763709226818,0.00906884435444482
0.08844922115512119,1.0152002936942641
-0.9657784052753492,0.10025954252311219
1.949886232219122,0.12471434809440307
-0.9058430903130198,0.3231070672201682
0.9674621847553776,0.4981360480928543
1.5065040453763827,-0.4309702312381867
0.23040775861064705,-0.25878964147998457
-0.2646344719634377,0.9526363235986479
0.03500476887859029,0.018223706384502908
0.7740936430887326,0.6183077727419377
0.8979291142858162,0.39484146285565536
0.28544521407673684,0.9057017781396905
-0.9244541585676518,0.3682024259002763
0.10217189993600902,1.070801945619103
-0.875357433584609,0.40394232651091705
-0.4476909888987601,0.9151332028295436
-0.002791588115101197,0.3887781888499502
1.1652729005134086,-0.4278145117820515
1.6236317359675283,-0.31218367471030456
1.1445292311098423,-0.5703535046299288
0.32246163058633337,1.0442205932395454
2.010988972743649,0.34748202642645837
1.430641840459659,-0.40257791487451405
0.033457141395879186,0.27788942492842583
0.43320023102643285,-0.3065234639176082
0.04757702769328853,0.23906907609139727
-0.4135217452717043,0.8155210454252653
-0.6411418701853425,0.8122105184380535
1.910284330010052,0.011991201526703188
0.5839113280190504,-0.36281615108935883
1.0274159860799048,0.11343562546844155
1.0026161338958246,-0.45894966102110674
-0.9262891088965849,0.16082101647756186
0.17513510665123705,-0.06094667828253155
1.789201457204491,-0.18133615317629648
-0.026278832628032135,0.9529980383093525
1.8186978686612039,-0.14348834628122362
0.2162806905234966,0.013109055051876678
0.23990457046974903,-0.09155213836455188
0.15223798022860657,-0.15331042104873335
0.3668534512168692,1.0162183922581858
0.2514598378673952,0.9581680186594697
1.3869442709026294,-0.39191680129153234
0.10582471509457832,0.030263052110233207
0.023507856426130045,0.5567880015907112
0.14319966225434563,0.33608838487565446
0.5573543345362575,0.8851322069236073
0.0752390109177817,0.020289515279826573
1.191731748513605,-0.5512326174738037
1.9828226250888297,0.3901632893360145
-0.025045738885927718,0.46982270617990884
0.8902943719588592,-0.5169875245763828
0.06929525630033748,1.038573971331009
0.09789947684445505,0.2810718584339822
1.7392958021815512,-0.22664910874744465
-0.012686360111850398,0.993420838354681
0.06464937941921092,0.27638535292177335
-0.3299044665120559,0.9036974032998563
-0.5812542212567692,0.655253448610954
1.024150512607386,0.25166312012962266
1.004202086861454,0.1602093110185942
-0.49485907229881637,0.86517634065339
1.3594537315962194,-0.44781228590827704
1.7712943018355274,0.04415804477863392
0.6227133682149,-0.36438712646768584
0.05284992642798112,0.4509067029127596
0.9819273081286329,0.1384037624045603
0.8913530311756098,0.49639570636698854
1.638800890796999,-0.2628953547839061
-0.857901129283838,0.49018259856460505
1.0035181168772103,0.04242869044069968
-0.09000399091089795,0.9115291363418836
1.832894212158628,-0.031199282600512475
1.3208150121066713,-0.4553036971679616
1.565842581762694,-0.4778084415730634
0.7117567436706443,-0.39364802184368725
0.0012067664530683309,0.028202211347594597
0.14179192950506045,1.02616330794981
1.010455202299612,-0.5689593253340066
0.23629048811612643,-0.2573915764768196
1.3523509019986553,-0.449345661453165
0.06958506945633564,0.08589671334067323
0.24787201056362249,0.9523115227424135
1.0249487050224226,0.16136198192790183
-0.8586129878022709,0.6167940805722372
0.28280902867473323,0.9167308782298049
0.009999039628843924,0.43699620813733137
0.10006461891544127,0.06540849021332913
0.9371928297365327,-0.5231058821726535
0.8842876150055796,0.45694976343787336
0.2724681794403499,0.9633535627932301
0.2994490796692534,-0.26243996201381703
1.9211687558616892,0.03952731560188577
-0.875745209461197,0.5290634055929818
0.4342593686115025,0.8235075874528697
0.7160668941897683,0.7850045267365539
0.08224516437376064,0.9882998518356638
1.9496315486511424,0.24364484533806
1.7353330850351851,-0.16156920658446466
1.0984732541585784,-0.484193256280559
0.6422833021051132,0.7913081718091463
-0.428223799678939,0.9194380657489764
1.1426485984477677,-0.43901375942537757
1.5380826133681267,-0.3104864873488906
-0.3337132432278628,0.9332301244170128
1.1092586943822398,-0.48770002686656944
0.5571497098798547,0.8126716779827713
0.8928864570267268,0.7028009877579092
0.20803901845526956,-0.031558585305535125
1.8337775132382974,-0.02338283832926142
-0.05372805985209453,0.3841058510808972
-0.3838193023910872,0.978688851694229
0.9318219244608733,0.31158973814866975
0.35325278816516215,0.8807288076117811
1.6207832176990769,-0.2399681418073219
-0.6484340468795752,0.8282836993869175
1.7267005433511997,-0.27634367357256606
-1.0619016726460309,0.27733784168172565
1.4865874626114757,-0.3878461168007313
0.1990835940106775,0.9645514877038603
0.4886838236314409,-0.4033650410863599
-0.9623547743816803,0.007908518920941215
0.9555951314865818,-0.50251319617877
-0.7806382144615195,0.6887319378013717
0.6981636973785356,0.7465225379008514
1.096493364391056,0.02135163306054632
0.7207936156695803,-0.37300304907838666
0.44304933082128795,0.7803358477450032
-0.1822166234006392,0.9843979476710714
0.022225254777743994,0.960770926424621
-0.2191899752742762,0.9067501317525098
1.9419928730947495,0.175859405260258
0.6744585641675901,-0.38530977413942546
1.4214157850189217,-0.525873294102812
2.0313032962543653,0.2179033143778048
1.5240291303314557,-0.36548129915209326
0.707006661985417,0.6818510781027828
-0.9688910254699354,0.30467699321566905
1.838021064226889,-0.16967893768086917
0.8593568538005754,-0.49003707995492196
